gender,avg_age
male,34.970588235294116
female,31.37735849056604
